<?xml version="1.0" encoding="UTF-8"?>
<manifest xmlns="http://www.imsglobal.org/xsd/imscp_v1p1" xmlns:lom="http://ltsc.ieee.org/xsd/LOM" xmlns:xsi="http://www.w3.org/2001/XMLSchema-instance" xmlns:adlcp="http://www.adlnet.org/xsd/adlcp_v1p3" xmlns:imsss="http://www.imsglobal.org/xsd/imsss" xmlns:adlseq="http://www.adlnet.org/xsd/adlseq_v1p3" xmlns:adlnav="http://www.adlnet.org/xsd/adlnav_v1p3" identifier="DGorbet_Basic_Manifest" xsi:schemaLocation="http://www.imsglobal.org/xsd/imscp_v1p1 imscp_v1p1.xsd http://www.adlnet.org/xsd/adlcp_v1p3 adlcp_v1p3.xsd http://www.imsglobal.org/xsd/imsss imsss_v1p0.xsd http://www.adlnet.org/xsd/adlseq_v1p3 adlseq_v1p3.xsd http://www.adlnet.org/xsd/adlnav_v1p3 adlnav_v1p3.xsd" xversion="1.3">
    <metadata>
        <schema>ADL SCORM</schema>
        <schemaversion>CAM 1.3</schemaversion>
        <lom:lom>
	      <lom:general>
	        <lom:title>
	          <lom:string>Hello World SCORM 2004 Package</lom:string>
	        </lom:title>
	        <lom:description>
	          <lom:string>This package is very basic.</lom:string>
	        </lom:description>
	      </lom:general>
	    </lom:lom>
    </metadata>
    <organizations default="TOC">
        <organization identifier="TOC">
            <title>My Organization</title>
            <item identifier="Item1" identifierref="Resource1">
                <title>My Item</title>
            </item>
        </organization>
    </organizations>
    <resources>
        <resource identifier="Resource1" adlcp:scormType="asset" type="webcontent" href="Resource1.htm">
            <file href="Resource1.htm" />
        </resource>
    </resources>
</manifest>

