﻿<root>
  <assembly culture="" name="Microsoft.LearningComponents.resources" version="1.3.1.0" />
  <resources name="Microsoft.LearningComponents.Properties.AIResources.resources" type="StringTable">
    <NewDataSet>
      <MetaData>
        <Name>Microsoft.LearningComponents.Properties.AIResources.resources</Name>
        <Type>StringTable</Type>
      </MetaData>
      <Resources>
        <ID>CorrectAnswerSeparatorHtml</ID>
        <Source> or </Source>
        <Translation> or </Translation>
        <Crucial>False</Crucial>
      </Resources>
      <Resources>
        <ID>StudentNotSelectedHtml</ID>
        <Source>Not selected</Source>
        <Translation>Not selected</Translation>
        <Crucial>True</Crucial>
      </Resources>
      <Resources>
        <ID>ChooseFileToAttachHtml</ID>
        <Source>Choose a file to attach:</Source>
        <Translation>Choose a file to attach:</Translation>
        <Crucial>True</Crucial>
      </Resources>
      <Resources>
        <ID>MissingFormField</ID>
        <Source>The form field, {0}, is missing.</Source>
        <Translation>The form field, {0}, is missing.</Translation>
        <Crucial>False</Crucial>
      </Resources>
      <Resources>
        <ID>StudentSelectedCorrectHtml</ID>
        <Source>Correct answer</Source>
        <Translation>Correct answer</Translation>
        <Crucial>True</Crucial>
      </Resources>
      <Resources>
        <ID>FileNotFound</ID>
        <Source>A requested file could not be found.</Source>
        <Translation>A requested file could not be found.</Translation>
        <Crucial>True</Crucial>
      </Resources>
      <Resources>
        <ID>NoFileAttachedHtml</ID>
        <Source>No file attached.</Source>
        <Translation>No file attached.</Translation>
        <Crucial>False</Crucial>
      </Resources>
      <Resources>
        <ID>IncorrectAnswerHtml</ID>
        <Source>Incorrect answer</Source>
        <Translation>Incorrect answer</Translation>
        <Crucial>True</Crucial>
      </Resources>
      <Resources>
        <ID>StudentSelectedIncorrectHtml</ID>
        <Source>Incorrect answer</Source>
        <Translation>Incorrect answer</Translation>
        <Crucial>True</Crucial>
      </Resources>
      <Resources>
        <ID>DetachFileHtml</ID>
        <Source>Detach File</Source>
        <Translation>Detach File</Translation>
        <Crucial>True</Crucial>
      </Resources>
      <Resources>
        <ID>FileAttachmentNotFound</ID>
        <Source>A requested file attachment could not be found.</Source>
        <Translation>A requested file attachment could not be found.</Translation>
        <Crucial>False</Crucial>
      </Resources>
      <Resources>
        <ID>ViewFileHtml</ID>
        <Source>View File</Source>
        <Translation>View File</Translation>
        <Crucial>True</Crucial>
      </Resources>
      <Resources>
        <ID>BrowseHtml</ID>
        <Source>Browse...</Source>
        <Translation>Browse...</Translation>
        <Crucial>True</Crucial>
      </Resources>
      <Resources>
        <ID>InvalidType</ID>
        <Source>The type attribute has an invalid value in the assessment markup: {0}</Source>
        <Translation>The type attribute has an invalid value in the assessment markup: {0}</Translation>
        <Crucial>False</Crucial>
      </Resources>
      <Resources>
        <ID>InstructorCommentsColonHtml</ID>
        <Source>Instructor comments:</Source>
        <Translation>Instructor comments:</Translation>
        <Crucial>True</Crucial>
      </Resources>
      <Resources>
        <ID>Unanswered</ID>
        <Source>&lt;Unanswered&gt;</Source>
        <Translation>&lt;Unanswered&gt;</Translation>
        <Crucial>True</Crucial>
      </Resources>
      <Resources>
        <ID>InstructorCommentTooLong</ID>
        <Source>"The text entered is formatted incorrectly or greater than the maximum {0} characters."</Source>
        <Translation>"The text entered is formatted incorrectly or greater than the maximum {0} characters."</Translation>
        <Crucial>True</Crucial>
      </Resources>
      <Resources>
        <ID>InvalidOptionValue</ID>
        <Source>The posted &lt;option&gt; value, {0}, is out of range for the &lt;select&gt; tag with name="{1}".</Source>
        <Translation>The posted &lt;option&gt; value, {0}, is out of range for the &lt;select&gt; tag with name="{1}".</Translation>
        <Crucial>False</Crucial>
      </Resources>
      <Resources>
        <ID>NoScoreHtml</ID>
        <Source>--</Source>
        <Translation>--</Translation>
        <Crucial>True</Crucial>
      </Resources>
      <Resources>
        <ID>CorrectAnswerHtml</ID>
        <Source>Correct answer</Source>
        <Translation>Correct answer</Translation>
        <Crucial>True</Crucial>
      </Resources>
      <Resources>
        <ID>ViewTheAttachedFileHtml</ID>
        <Source>View the attached file.</Source>
        <Translation>View the attached file.</Translation>
        <Crucial>True</Crucial>
      </Resources>
      <Resources>
        <ID>InvalidFormFieldValue</ID>
        <Source>The value, {0}, of the form field, {1}, is invalid.</Source>
        <Translation>The value, {0}, of the form field, {1}, is invalid.</Translation>
        <Crucial>False</Crucial>
      </Resources>
      <Resources>
        <ID>ScoreOutOfRange</ID>
        <Source>"The score entered is formatted incorrectly or outside the allowable range of -1000 to 1000."</Source>
        <Translation>"The score entered is formatted incorrectly or outside the allowable range of -1000 to 1000."</Translation>
        <Crucial>True</Crucial>
      </Resources>
      <Resources>
        <ID>CorrectAnswerColonHtml</ID>
        <Source>Correct answer:</Source>
        <Translation>Correct answer:</Translation>
        <Crucial>True</Crucial>
      </Resources>
      <Resources>
        <ID>StudentSelectedHtml</ID>
        <Source>Selected</Source>
        <Translation>Selected</Translation>
        <Crucial>True</Crucial>
      </Resources>
      <Resources>
        <ID>StudentNotSelectedIncorrectHtml</ID>
        <Source>This is the correct answer but it was not selected</Source>
        <Translation>This is the correct answer but it was not selected</Translation>
        <Crucial>True</Crucial>
      </Resources>
      <Resources>
        <ID>AttachedFileHtml</ID>
        <Source>There is an attached {0} file.</Source>
        <Translation>There is an attached {0} file.</Translation>
        <Crucial>True</Crucial>
      </Resources>
      <Resources>
        <ID>ReplaceFileHtml</ID>
        <Source>Replace the attached file with another file:</Source>
        <Translation>Replace the attached file with another file:</Translation>
        <Crucial>True</Crucial>
      </Resources>
      <Resources>
        <ID>InvalidId</ID>
        <Source>The value of the id is invalid in the assessment markup: {0}</Source>
        <Translation>The value of the id is invalid in the assessment markup: {0}</Translation>
        <Crucial>False</Crucial>
      </Resources>
    </NewDataSet>
  </resources>
  <resources name="Microsoft.LearningComponents.Properties.Resources.resources" type="StringTable">
    <NewDataSet>
      <MetaData>
        <Name>Microsoft.LearningComponents.Properties.Resources.resources</Name>
        <Type>StringTable</Type>
      </MetaData>
      <Resources>
        <ID>DataModelElementTooLong</ID>
        <Source>Data model element '{0}' was passed a value that exceeded the supported length.</Source>
        <Translation>Data model element '{0}' was passed a value that exceeded the supported length.</Translation>
        <Crucial>False</Crucial>
      </Resources>
      <Resources>
        <ID>ZipPackageExceptionBadZipFile</ID>
        <Source>The package compression format is not supported.</Source>
        <Translation>The package compression format is not supported.</Translation>
        <Crucial>False</Crucial>
      </Resources>
      <Resources>
        <ID>SequencingFlowingTo</ID>
        <Source>Sequencing is flowing to activity '{0}'.</Source>
        <Translation>Sequencing is flowing to activity '{0}'.</Translation>
        <Crucial>False</Crucial>
      </Resources>
      <Resources>
        <ID>ZipPackageExceptionNoFile</ID>
        <Source>The .zip file cannot be found.</Source>
        <Translation>The .zip file cannot be found.</Translation>
        <Crucial>False</Crucial>
      </Resources>
      <Resources>
        <ID>LS_PropertyCannotBeNull</ID>
        <Source>The value cannot be set to null.</Source>
        <Translation>The value cannot be set to null.</Translation>
        <Crucial>False</Crucial>
      </Resources>
      <Resources>
        <ID>UTIL_ParamIsEmptyString</ID>
        <Source>A parameter contains an empty string, which is not allowed. </Source>
        <Translation>A parameter contains an empty string, which is not allowed. </Translation>
        <Crucial>False</Crucial>
      </Resources>
      <Resources>
        <ID>UnauthorizedAccess</ID>
        <Source>The requested item, {0}, can not be accessed.</Source>
        <Translation>The requested item, {0}, can not be accessed.</Translation>
        <Crucial>False</Crucial>
      </Resources>
      <Resources>
        <ID>UniqueIdNotSupported</ID>
        <Source>No unique identifiers are defined for items in this list.</Source>
        <Translation>No unique identifiers are defined for items in this list.</Translation>
        <Crucial>False</Crucial>
      </Resources>
      <Resources>
        <ID>NB_2_1__8</ID>
        <Source>Choice Exit Sequencing Control Mode violation.</Source>
        <Translation>Choice Exit Sequencing Control Mode violation.</Translation>
        <Crucial>False</Crucial>
      </Resources>
      <Resources>
        <ID>NB_2_1__9</ID>
        <Source>No activities to consider.</Source>
        <Translation>No activities to consider.</Translation>
        <Crucial>False</Crucial>
      </Resources>
      <Resources>
        <ID>NB_2_1__2</ID>
        <Source>A current activity is not defined. The sequencing session has not begun.</Source>
        <Translation>A current activity is not defined. The sequencing session has not begun.</Translation>
        <Crucial>False</Crucial>
      </Resources>
      <Resources>
        <ID>NB_2_1__3</ID>
        <Source>A suspended activity is not defined.</Source>
        <Translation>A suspended activity is not defined.</Translation>
        <Crucial>False</Crucial>
      </Resources>
      <Resources>
        <ID>NB_2_1__1</ID>
        <Source>A current activity is already defined. The sequencing session has already begun.</Source>
        <Translation>A current activity is already defined. The sequencing session has already begun.</Translation>
        <Crucial>False</Crucial>
      </Resources>
      <Resources>
        <ID>NB_2_1__6</ID>
        <Source>No activity is "previous" to the root.</Source>
        <Translation>No activity is "previous" to the root.</Translation>
        <Crucial>False</Crucial>
      </Resources>
      <Resources>
        <ID>NB_2_1__7</ID>
        <Source>Unsupported navigation request.</Source>
        <Translation>Unsupported navigation request.</Translation>
        <Crucial>False</Crucial>
      </Resources>
      <Resources>
        <ID>NB_2_1__4</ID>
        <Source>Flow Sequencing Control Mode violation.</Source>
        <Translation>Flow Sequencing Control Mode violation.</Translation>
        <Crucial>False</Crucial>
      </Resources>
      <Resources>
        <ID>NB_2_1__5</ID>
        <Source>Flow or Forward Only Sequencing Control Mode violation.</Source>
        <Translation>Flow or Forward Only Sequencing Control Mode violation.</Translation>
        <Crucial>False</Crucial>
      </Resources>
      <Resources>
        <ID>RollupChildMissingPrimaryObjective</ID>
        <Source>Rollup aborted because child activity '{0}' does not have a primary objective.</Source>
        <Translation>Rollup aborted because child activity '{0}' does not have a primary objective.</Translation>
        <Crucial>False</Crucial>
      </Resources>
      <Resources>
        <ID>SequencingPostConditionRuleRequestRetryAll</ID>
        <Source>RetryAll</Source>
        <Translation>RetryAll</Translation>
        <Crucial>False</Crucial>
      </Resources>
      <Resources>
        <ID>DB_2__1</ID>
        <Source>Identified activity is already active.</Source>
        <Translation>Identified activity is already active.</Translation>
        <Crucial>False</Crucial>
      </Resources>
      <Resources>
        <ID>ReadError</ID>
        <Source>Read error.</Source>
        <Translation>Read error.</Translation>
        <Crucial>False</Crucial>
      </Resources>
      <Resources>
        <ID>SequencingPreConditionSkipped</ID>
        <Source>Activity '{0}' skipped because its pre-condition Skip rules evaluated as true.</Source>
        <Translation>Activity '{0}' skipped because its pre-condition Skip rules evaluated as true.</Translation>
        <Crucial>False</Crucial>
      </Resources>
      <Resources>
        <ID>ZipPackageReaderErrorState</ID>
        <Source>The ZipPackageReader has encountered an error and cannot continue.</Source>
        <Translation>The ZipPackageReader has encountered an error and cannot continue.</Translation>
        <Crucial>False</Crucial>
      </Resources>
      <Resources>
        <ID>AlreadyInList</ID>
        <Source>The item specified is already added to this or another list belonging to this data model.</Source>
        <Translation>The item specified is already added to this or another list belonging to this data model.</Translation>
        <Crucial>False</Crucial>
      </Resources>
      <Resources>
        <ID>RollupInitiated</ID>
        <Source>Rollup initiated for activity '{0}'.</Source>
        <Translation>Rollup initiated for activity '{0}'.</Translation>
        <Crucial>False</Crucial>
      </Resources>
      <Resources>
        <ID>DRLO_CurrentActivityEntryPointIsAbsolute</ID>
        <Source>The entry point of the current activity is not contained within this package.</Source>
        <Translation>The entry point of the current activity is not contained within this package.</Translation>
        <Crucial>False</Crucial>
      </Resources>
      <Resources>
        <ID>SequencingPostConditionRuleRequestRetry</ID>
        <Source>Retry</Source>
        <Translation>Retry</Translation>
        <Crucial>False</Crucial>
      </Resources>
      <Resources>
        <ID>EndOfStream</ID>
        <Source>End of stream reached.</Source>
        <Translation>End of stream reached.</Translation>
        <Crucial>False</Crucial>
      </Resources>
      <Resources>
        <ID>NoIdentifier</ID>
        <Source>A required identifier was not provided for this element.</Source>
        <Translation>A required identifier was not provided for this element.</Translation>
        <Crucial>False</Crucial>
      </Resources>
      <Resources>
        <ID>SequencingPostConditionRuleRequestExitAll</ID>
        <Source>ExitAll</Source>
        <Translation>ExitAll</Translation>
        <Crucial>False</Crucial>
      </Resources>
      <Resources>
        <ID>StreamMustReadAndSeek</ID>
        <Source>Stream must have read and seek capability.</Source>
        <Translation>Stream must have read and seek capability.</Translation>
        <Crucial>False</Crucial>
      </Resources>
      <Resources>
        <ID>KeyDoesNotMatchItem</ID>
        <Source>The key specified '{0}' does not match the identifier within the item to be added to the dictionary '{1}'.</Source>
        <Translation>The key specified '{0}' does not match the identifier within the item to be added to the dictionary '{1}'.</Translation>
        <Crucial>False</Crucial>
      </Resources>
      <Resources>
        <ID>SequencingPostConditionRuleResult</ID>
        <Source>Sequencing Post Condition rule on activity '{0}' resulted in a {1} request.</Source>
        <Translation>Sequencing Post Condition rule on activity '{0}' resulted in a {1} request.</Translation>
        <Crucial>False</Crucial>
      </Resources>
      <Resources>
        <ID>LS_StringCannotBeEmpty</ID>
        <Source>The value cannot be set to an empty or null string.</Source>
        <Translation>The value cannot be set to an empty or null string.</Translation>
        <Crucial>False</Crucial>
      </Resources>
      <Resources>
        <ID>LS_ReactivateNotValid</ID>
        <Source>It is not valid to reactivate the current session. Only a completed or abandoned session may be reactivated, and only in RandomAccess view.</Source>
        <Translation>It is not valid to reactivate the current session. Only a completed or abandoned session may be reactivated, and only in RandomAccess view.</Translation>
        <Crucial>False</Crucial>
      </Resources>
      <Resources>
        <ID>LS_ExitNotValid</ID>
        <Source>It is not valid to exit the current session. Only a session that has started may be exited, and only in Execute view.</Source>
        <Translation>It is not valid to exit the current session. Only a session that has started may be exited, and only in Execute view.</Translation>
        <Crucial>False</Crucial>
      </Resources>
      <Resources>
        <ID>CannotDeletePrimaryObjective</ID>
        <Source>Cannot remove or replace the primary objective.</Source>
        <Translation>Cannot remove or replace the primary objective.</Translation>
        <Crucial>False</Crucial>
      </Resources>
      <Resources>
        <ID>SLS_CurrentActiveActivityRequired</ID>
        <Source>A CurrentActivity that is active is required to exist before requesting this operation.</Source>
        <Translation>A CurrentActivity that is active is required to exist before requesting this operation.</Translation>
        <Crucial>False</Crucial>
      </Resources>
      <Resources>
        <ID>CannotChangeId</ID>
        <Source>Cannot change the identifier if an item in a dictionary.  Try removing the item, changing the identifier, then re-adding it.</Source>
        <Translation>Cannot change the identifier if an item in a dictionary.  Try removing the item, changing the identifier, then re-adding it.</Translation>
        <Crucial>False</Crucial>
      </Resources>
      <Resources>
        <ID>OnlyValidForSCORMV1p3</ID>
        <Source>The '{0}' data model element is only valid in SCORM 2004 packages.</Source>
        <Translation>The '{0}' data model element is only valid in SCORM 2004 packages.</Translation>
        <Crucial>False</Crucial>
      </Resources>
      <Resources>
        <ID>OnlyValidForSCORMV1p2</ID>
        <Source>The '{0}' data model element is only valid in SCORM 1.2 packages.</Source>
        <Translation>The '{0}' data model element is only valid in SCORM 1.2 packages.</Translation>
        <Crucial>False</Crucial>
      </Resources>
      <Resources>
        <ID>IndexOutOfRange</ID>
        <Source>The index is out of range.</Source>
        <Translation>The index is out of range.</Translation>
        <Crucial>False</Crucial>
      </Resources>
      <Resources>
        <ID>SequencingPostConditionRuleRequestExitParent</ID>
        <Source>ExitParent</Source>
        <Translation>ExitParent</Translation>
        <Crucial>False</Crucial>
      </Resources>
      <Resources>
        <ID>LS_ResourceNotInPackage</ID>
        <Source>The current activity in the session defines an entry point that does not exist in the package. The content cannot be read.</Source>
        <Translation>The current activity in the session defines an entry point that does not exist in the package. The content cannot be read.</Translation>
        <Crucial>False</Crucial>
      </Resources>
      <Resources>
        <ID>WrongDataModel</ID>
        <Source>An object created for use by a different data model cannot be added to this data model.</Source>
        <Translation>An object created for use by a different data model cannot be added to this data model.</Translation>
        <Crucial>False</Crucial>
      </Resources>
      <Resources>
        <ID>LS_ResumeNotValid</ID>
        <Source>It is not valid to resume the current session. Only a suspended session may be resumed, and only in Execute view.</Source>
        <Translation>It is not valid to resume the current session. Only a suspended session may be resumed, and only in Execute view.</Translation>
        <Crucial>False</Crucial>
      </Resources>
      <Resources>
        <ID>LS_SuspendNotValid</ID>
        <Source>It is not valid to suspend the current session. Only an active session may be suspended, and only in Execute view.</Source>
        <Translation>It is not valid to suspend the current session. Only an active session may be suspended, and only in Execute view.</Translation>
        <Crucial>False</Crucial>
      </Resources>
      <Resources>
        <ID>ImsManifestXmlMissing</ID>
        <Source>The package is missing the required file, imsmanifest.xml.</Source>
        <Translation>The package is missing the required file, imsmanifest.xml.</Translation>
        <Crucial>False</Crucial>
      </Resources>
      <Resources>
        <ID>DirectoryNotFound</ID>
        <Source>The requested directory, {0}, can not be found.</Source>
        <Translation>The requested directory, {0}, can not be found.</Translation>
        <Crucial>False</Crucial>
      </Resources>
      <Resources>
        <ID>ListCannotBeModified</ID>
        <Source>The list cannot be modified.</Source>
        <Translation>The list cannot be modified.</Translation>
        <Crucial>False</Crucial>
      </Resources>
      <Resources>
        <ID>NB_2_1__13</ID>
        <Source>Undefined navigation request.</Source>
        <Translation>Undefined navigation request.</Translation>
        <Crucial>False</Crucial>
      </Resources>
      <Resources>
        <ID>NB_2_1__12</ID>
        <Source>The current activty is already terminated.</Source>
        <Translation>The current activty is already terminated.</Translation>
        <Crucial>False</Crucial>
      </Resources>
      <Resources>
        <ID>NB_2_1__11</ID>
        <Source>Target activity does not exist.</Source>
        <Translation>Target activity does not exist.</Translation>
        <Crucial>False</Crucial>
      </Resources>
      <Resources>
        <ID>NB_2_1__10</ID>
        <Source>Choice Sequencing Control Mode violation.</Source>
        <Translation>Choice Sequencing Control Mode violation.</Translation>
        <Crucial>False</Crucial>
      </Resources>
      <Resources>
        <ID>LS_RelativePathRequired</ID>
        <Source>The RenderContext.RelativePath must have a value.</Source>
        <Translation>The RenderContext.RelativePath must have a value.</Translation>
        <Crucial>False</Crucial>
      </Resources>
      <Resources>
        <ID>LrmNoManifest</ID>
        <Source>An error occurred while unbundling the file. The Index.xml or imsmanifest.xml file cannot be found.</Source>
        <Translation>An error occurred while unbundling the file. The Index.xml or imsmanifest.xml file cannot be found.</Translation>
        <Crucial>False</Crucial>
      </Resources>
      <Resources>
        <ID>NonUniqueId</ID>
        <Source>An item with the identifier '{0}' already exists in this list.</Source>
        <Translation>An item with the identifier '{0}' already exists in this list.</Translation>
        <Crucial>False</Crucial>
      </Resources>
      <Resources>
        <ID>PackageFileNotFound</ID>
        <Source>The requested file was not found in the package.</Source>
        <Translation>The requested file was not found in the package.</Translation>
        <Crucial>False</Crucial>
      </Resources>
      <Resources>
        <ID>InvalidScormV1p3Value</ID>
        <Source>Data model element '{0}' was passed a value that was out of range according to the SCORM 2004 specifications.</Source>
        <Translation>Data model element '{0}' was passed a value that was out of range according to the SCORM 2004 specifications.</Translation>
        <Crucial>False</Crucial>
      </Resources>
      <Resources>
        <ID>SequencingPostConditionRuleRequestContinue</ID>
        <Source>Continue</Source>
        <Translation>Continue</Translation>
        <Crucial>False</Crucial>
      </Resources>
      <Resources>
        <ID>LrmUnknownFormat</ID>
        <Source>An error occurred while unbundling the file. Unable to determine the file format.</Source>
        <Translation>An error occurred while unbundling the file. Unable to determine the file format.</Translation>
        <Crucial>False</Crucial>
      </Resources>
      <Resources>
        <ID>NavigationFinishedNewActivity</ID>
        <Source>Navigation resulted in making '{0}' the current active activity.</Source>
        <Translation>Navigation resulted in making '{0}' the current active activity.</Translation>
        <Crucial>False</Crucial>
      </Resources>
      <Resources>
        <ID>LrmMultiNotSupported</ID>
        <Source>An error occurred while unbundling the file. A file with multiple Learning Resources is not supported.</Source>
        <Translation>An error occurred while unbundling the file. A file with multiple Learning Resources is not supported.</Translation>
        <Crucial>False</Crucial>
      </Resources>
      <Resources>
        <ID>RequredObjectiveNotFound</ID>
        <Source>Sequencing cannot proceed because the required objective '{0}' was not found.</Source>
        <Translation>Sequencing cannot proceed because the required objective '{0}' was not found.</Translation>
        <Crucial>False</Crucial>
      </Resources>
      <Resources>
        <ID>InvalidScormV1p2Value</ID>
        <Source>Data model element '{0}' was passed a value that was out of range according to the SCORM 1.2 specifications.</Source>
        <Translation>Data model element '{0}' was passed a value that was out of range according to the SCORM 1.2 specifications.</Translation>
        <Crucial>False</Crucial>
      </Resources>
      <Resources>
        <ID>CantWriteToDataModel</ID>
        <Source>This LearningDataModel object may not be written to.</Source>
        <Translation>This LearningDataModel object may not be written to.</Translation>
        <Crucial>False</Crucial>
      </Resources>
      <Resources>
        <ID>InvalidExtensionType</ID>
        <Source>Unsupported type '{0}' added to extension data.</Source>
        <Translation>Unsupported type '{0}' added to extension data.</Translation>
        <Crucial>False</Crucial>
      </Resources>
      <Resources>
        <ID>RollupSettingNormalizedMeasure</ID>
        <Source>Rollup setting normalized measure to {0} for activity '{1}'.</Source>
        <Translation>Rollup setting normalized measure to {0} for activity '{1}'.</Translation>
        <Crucial>False</Crucial>
      </Resources>
      <Resources>
        <ID>DRLO_InvalidRelativePath</ID>
        <Source>The relativePath value '{0}' does not represent a valid, package-relative path.</Source>
        <Translation>The relativePath value '{0}' does not represent a valid, package-relative path.</Translation>
        <Crucial>False</Crucial>
      </Resources>
      <Resources>
        <ID>PackageDirectoryAlreadyExists</ID>
        <Source>Cannot copy to '{0}' because a file or directory with the same name already exists. This operation can only copy to a destination that does not yet exist.  It will create the destination directory.</Source>
        <Translation>Cannot copy to '{0}' because a file or directory with the same name already exists. This operation can only copy to a destination that does not yet exist.  It will create the destination directory.</Translation>
        <Crucial>False</Crucial>
      </Resources>
      <Resources>
        <ID>NavigationFinishedDone</ID>
        <Source>Navigation complete.  No current activity.</Source>
        <Translation>Navigation complete.  No current activity.</Translation>
        <Crucial>False</Crucial>
      </Resources>
      <Resources>
        <ID>SequencingExitRuleExecuted</ID>
        <Source>Sequencing Exit rule requires that activity '{0}' terminate.</Source>
        <Translation>Sequencing Exit rule requires that activity '{0}' terminate.</Translation>
        <Crucial>False</Crucial>
      </Resources>
      <Resources>
        <ID>UniqueIdNotFound</ID>
        <Source>No item with the identifier '{0}' was found in this list.</Source>
        <Translation>No item with the identifier '{0}' was found in this list.</Translation>
        <Crucial>False</Crucial>
      </Resources>
      <Resources>
        <ID>ZipPackageExceptionDefault</ID>
        <Source>Error code: {0}</Source>
        <Translation>Error code: {0}</Translation>
        <Crucial>False</Crucial>
      </Resources>
      <Resources>
        <ID>SLS_CurrentActivityRequired</ID>
        <Source>A CurrentActivity is required to exist before requesting this operation.</Source>
        <Translation>A CurrentActivity is required to exist before requesting this operation.</Translation>
        <Crucial>False</Crucial>
      </Resources>
      <Resources>
        <ID>WrongNameTable</ID>
        <Source>The object is not in the correct NameTable.</Source>
        <Translation>The object is not in the correct NameTable.</Translation>
        <Crucial>False</Crucial>
      </Resources>
      <Resources>
        <ID>SB_2_10__3</ID>
        <Source>Flow Sequencing Control Mode violation.</Source>
        <Translation>Flow Sequencing Control Mode violation.</Translation>
        <Crucial>False</Crucial>
      </Resources>
      <Resources>
        <ID>SB_2_10__2</ID>
        <Source>The current activity is active or suspended.</Source>
        <Translation>The current activity is active or suspended.</Translation>
        <Crucial>False</Crucial>
      </Resources>
      <Resources>
        <ID>SB_2_10__1</ID>
        <Source>A current activity is not defined. The sequencing session has not begun.</Source>
        <Translation>A current activity is not defined. The sequencing session has not begun.</Translation>
        <Crucial>False</Crucial>
      </Resources>
      <Resources>
        <ID>SB_2_12__1</ID>
        <Source>Undefined sequencing request.</Source>
        <Translation>Undefined sequencing request.</Translation>
        <Crucial>False</Crucial>
      </Resources>
      <Resources>
        <ID>SB_2_11__2</ID>
        <Source>The current activity has not been terminated.</Source>
        <Translation>The current activity has not been terminated.</Translation>
        <Crucial>False</Crucial>
      </Resources>
      <Resources>
        <ID>SB_2_11__1</ID>
        <Source>A current activity is not defined. The sequencing session has not begun.</Source>
        <Translation>A current activity is not defined. The sequencing session has not begun.</Translation>
        <Crucial>False</Crucial>
      </Resources>
      <Resources>
        <ID>SequencingPostConditionRuleRequestPrevious</ID>
        <Source>Previous</Source>
        <Translation>Previous</Translation>
        <Crucial>False</Crucial>
      </Resources>
      <Resources>
        <ID>TB_2_3__2</ID>
        <Source>The Current activity already terminated.</Source>
        <Translation>The Current activity already terminated.</Translation>
        <Crucial>False</Crucial>
      </Resources>
      <Resources>
        <ID>TB_2_3__3</ID>
        <Source>Cannot suspend an inactive root.</Source>
        <Translation>Cannot suspend an inactive root.</Translation>
        <Crucial>False</Crucial>
      </Resources>
      <Resources>
        <ID>TB_2_3__1</ID>
        <Source>A Current Activity is not defined. The sequencing session has not begun.</Source>
        <Translation>A Current Activity is not defined. The sequencing session has not begun.</Translation>
        <Crucial>False</Crucial>
      </Resources>
      <Resources>
        <ID>TB_2_3__6</ID>
        <Source>Nothing to abandon; no active activities.</Source>
        <Translation>Nothing to abandon; no active activities.</Translation>
        <Crucial>False</Crucial>
      </Resources>
      <Resources>
        <ID>TB_2_3__7</ID>
        <Source>Undefined termination request.</Source>
        <Translation>Undefined termination request.</Translation>
        <Crucial>False</Crucial>
      </Resources>
      <Resources>
        <ID>TB_2_3__4</ID>
        <Source>Activity tree root has no parent.</Source>
        <Translation>Activity tree root has no parent.</Translation>
        <Crucial>False</Crucial>
      </Resources>
      <Resources>
        <ID>TB_2_3__5</ID>
        <Source>Nothing to suspend; no active activities.</Source>
        <Translation>Nothing to suspend; no active activities.</Translation>
        <Crucial>False</Crucial>
      </Resources>
      <Resources>
        <ID>SB_2_6__1</ID>
        <Source>A current activity is defined. The sequencing session already begun.</Source>
        <Translation>A current activity is defined. The sequencing session already begun.</Translation>
        <Crucial>False</Crucial>
      </Resources>
      <Resources>
        <ID>SB_2_6__2</ID>
        <Source>No Suspended Activity defined.</Source>
        <Translation>No Suspended Activity defined.</Translation>
        <Crucial>False</Crucial>
      </Resources>
      <Resources>
        <ID>SB_2_5__1</ID>
        <Source>A current activity is defined. The sequencing session already begun.</Source>
        <Translation>A current activity is defined. The sequencing session already begun.</Translation>
        <Crucial>False</Crucial>
      </Resources>
      <Resources>
        <ID>SB_2_2__1</ID>
        <Source>Flow Sequencing Control Mode violation.</Source>
        <Translation>Flow Sequencing Control Mode violation.</Translation>
        <Crucial>False</Crucial>
      </Resources>
      <Resources>
        <ID>SB_2_2__2</ID>
        <Source>Activity unavailable.</Source>
        <Translation>Activity unavailable.</Translation>
        <Crucial>False</Crucial>
      </Resources>
      <Resources>
        <ID>SB_2_7__1</ID>
        <Source>A current activity is not defined. The sequencing session has not begun.</Source>
        <Translation>A current activity is not defined. The sequencing session has not begun.</Translation>
        <Crucial>False</Crucial>
      </Resources>
      <Resources>
        <ID>SB_2_7__2</ID>
        <Source>Flow Sequencing Control Mode violation.</Source>
        <Translation>Flow Sequencing Control Mode violation.</Translation>
        <Crucial>False</Crucial>
      </Resources>
      <Resources>
        <ID>SB_2_4__2</ID>
        <Source>Forward Only Sequencing Control Mode violation.</Source>
        <Translation>Forward Only Sequencing Control Mode violation.</Translation>
        <Crucial>False</Crucial>
      </Resources>
      <Resources>
        <ID>SB_2_4__3</ID>
        <Source>No activity is "previous" to the root.</Source>
        <Translation>No activity is "previous" to the root.</Translation>
        <Crucial>False</Crucial>
      </Resources>
      <Resources>
        <ID>SB_2_4__1</ID>
        <Source>Forward Traversal Blocked.</Source>
        <Translation>Forward Traversal Blocked.</Translation>
        <Crucial>False</Crucial>
      </Resources>
      <Resources>
        <ID>SB_2_1__4</ID>
        <Source>Forward Only Sequencing Control Mode violation.</Source>
        <Translation>Forward Only Sequencing Control Mode violation.</Translation>
        <Crucial>False</Crucial>
      </Resources>
      <Resources>
        <ID>SB_2_1__3</ID>
        <Source>No activity is "previous" to the root.</Source>
        <Translation>No activity is "previous" to the root.</Translation>
        <Crucial>False</Crucial>
      </Resources>
      <Resources>
        <ID>SB_2_1__2</ID>
        <Source>Cluster has no available children.</Source>
        <Translation>Cluster has no available children.</Translation>
        <Crucial>False</Crucial>
      </Resources>
      <Resources>
        <ID>SB_2_1__1</ID>
        <Source>Last activity in the tree.</Source>
        <Translation>Last activity in the tree.</Translation>
        <Crucial>False</Crucial>
      </Resources>
      <Resources>
        <ID>SB_2_9__9</ID>
        <Source>Choice request prevented by Flow-only activity.</Source>
        <Translation>Choice request prevented by Flow-only activity.</Translation>
        <Crucial>False</Crucial>
      </Resources>
      <Resources>
        <ID>SB_2_9__8</ID>
        <Source>Unable to choose target activity - constrained choice.</Source>
        <Translation>Unable to choose target activity - constrained choice.</Translation>
        <Crucial>False</Crucial>
      </Resources>
      <Resources>
        <ID>SB_2_9__7</ID>
        <Source>Choice Exit Sequencing Control Mode violation.</Source>
        <Translation>Choice Exit Sequencing Control Mode violation.</Translation>
        <Crucial>False</Crucial>
      </Resources>
      <Resources>
        <ID>SB_2_9__6</ID>
        <Source>Unable to activate target; target is not a child of the Current Activity.</Source>
        <Translation>Unable to activate target; target is not a child of the Current Activity.</Translation>
        <Crucial>False</Crucial>
      </Resources>
      <Resources>
        <ID>SB_2_9__5</ID>
        <Source>No activities to consider.</Source>
        <Translation>No activities to consider.</Translation>
        <Crucial>False</Crucial>
      </Resources>
      <Resources>
        <ID>SB_2_9__4</ID>
        <Source>Choice Sequencing Control Mode violation.</Source>
        <Translation>Choice Sequencing Control Mode violation.</Translation>
        <Crucial>False</Crucial>
      </Resources>
      <Resources>
        <ID>SB_2_9__3</ID>
        <Source>Target activity hidden from choice.</Source>
        <Translation>Target activity hidden from choice.</Translation>
        <Crucial>False</Crucial>
      </Resources>
      <Resources>
        <ID>SB_2_9__2</ID>
        <Source>Target activity does not exist or is unavailable.</Source>
        <Translation>Target activity does not exist or is unavailable.</Translation>
        <Crucial>False</Crucial>
      </Resources>
      <Resources>
        <ID>SB_2_9__1</ID>
        <Source>No target for Choice.</Source>
        <Translation>No target for Choice.</Translation>
        <Crucial>False</Crucial>
      </Resources>
      <Resources>
        <ID>SB_2_8__2</ID>
        <Source>Flow Sequencing Control Mode violation.</Source>
        <Translation>Flow Sequencing Control Mode violation.</Translation>
        <Crucial>False</Crucial>
      </Resources>
      <Resources>
        <ID>SB_2_8__1</ID>
        <Source>A current activity is not defined. The sequencing session has not begun.</Source>
        <Translation>A current activity is not defined. The sequencing session has not begun.</Translation>
        <Crucial>False</Crucial>
      </Resources>
      <Resources>
        <ID>DB_1_1__3</ID>
        <Source>Activity unavailable.</Source>
        <Translation>Activity unavailable.</Translation>
        <Crucial>False</Crucial>
      </Resources>
      <Resources>
        <ID>DB_1_1__2</ID>
        <Source>Nothing to deliver.</Source>
        <Translation>Nothing to deliver.</Translation>
        <Crucial>False</Crucial>
      </Resources>
      <Resources>
        <ID>DB_1_1__1</ID>
        <Source>Cannot deliver a non-leaf activity.</Source>
        <Translation>Cannot deliver a non-leaf activity.</Translation>
        <Crucial>False</Crucial>
      </Resources>
      <Resources>
        <ID>LS_AbandonNotValid</ID>
        <Source>It is not valid to abandon the current session. Only an active or suspended session may be abandoned, and only in Execute view.</Source>
        <Translation>It is not valid to abandon the current session. Only an active or suspended session may be abandoned, and only in Execute view.</Translation>
        <Crucial>False</Crucial>
      </Resources>
      <Resources>
        <ID>LS_CantRenderManifest</ID>
        <Source>The requested manifest file cannot be rendered.</Source>
        <Translation>The requested manifest file cannot be rendered.</Translation>
        <Crucial>False</Crucial>
      </Resources>
    </NewDataSet>
  </resources>
  <resources name="Microsoft.LearningComponents.Properties.ValidatorResources.resources" type="StringTable">
    <NewDataSet>
      <MetaData>
        <Name>Microsoft.LearningComponents.Properties.ValidatorResources.resources</Name>
        <Type>StringTable</Type>
      </MetaData>
      <Resources>
        <ID>LrLogCannotBeNullWhenRequired</ID>
        <Source>The log parameter can not be null when the ValidationBehavior requires a log.</Source>
        <Translation>The log parameter can not be null when the ValidationBehavior requires a log.</Translation>
        <Crucial>False</Crucial>
      </Resources>
      <Resources>
        <ID>ElementRemoved</ID>
        <Source>(element has been removed)</Source>
        <Translation>(element has been removed)</Translation>
        <Crucial>False</Crucial>
      </Resources>
      <Resources>
        <ID>ResourceOrOrganizationNotFound</ID>
        <Source>The referenced resource or organization can not be found.</Source>
        <Translation>The referenced resource or organization can not be found.</Translation>
        <Crucial>False</Crucial>
      </Resources>
      <Resources>
        <ID>RuleConditionConditionMissing</ID>
        <Source>The &lt;ruleCondition&gt; node must have a condition attribute.  See SCORM 1.3 CAM 5.1.3.1.1.1.</Source>
        <Translation>The &lt;ruleCondition&gt; node must have a condition attribute.  See SCORM 1.3 CAM 5.1.3.1.1.1.</Translation>
        <Crucial>False</Crucial>
      </Resources>
      <Resources>
        <ID>MlcNodeViolationTruncated</ID>
        <Source>The value that begins with "{0}" of the node, {1}, is longer than that supported by MLC.  It has been truncated to {2} characters.</Source>
        <Translation>The value that begins with "{0}" of the node, {1}, is longer than that supported by MLC.  It has been truncated to {2} characters.</Translation>
        <Crucial>False</Crucial>
      </Resources>
      <Resources>
        <ID>ValueOutOfRange</ID>
        <Source>The value is out of range.</Source>
        <Translation>The value is out of range.</Translation>
        <Crucial>False</Crucial>
      </Resources>
      <Resources>
        <ID>InvalidPresentationNode</ID>
        <Source>A &lt;presentation&gt; node may only appear, if needed, as a child of a leaf &lt;item&gt;element that references a resource.</Source>
        <Translation>A &lt;presentation&gt; node may only appear, if needed, as a child of a leaf &lt;item&gt;element that references a resource.</Translation>
        <Crucial>False</Crucial>
      </Resources>
      <Resources>
        <ID>BadValue</ID>
        <Source>The value "{0}" of element &lt;{1}&gt; is an invalid value.  Extra information: {2}</Source>
        <Translation>The value "{0}" of element &lt;{1}&gt; is an invalid value.  Extra information: {2}</Translation>
        <Crucial>False</Crucial>
      </Resources>
      <Resources>
        <ID>LrMustHaveCorrectRoot</ID>
        <Source>A valid index.xml begins with a &lt;LearningResource&gt; node in the "urn:schemas-microsoft-com:learning-resource" namespace.</Source>
        <Translation>A valid index.xml begins with a &lt;LearningResource&gt; node in the "urn:schemas-microsoft-com:learning-resource" namespace.</Translation>
        <Crucial>False</Crucial>
      </Resources>
      <Resources>
        <ID>ResourceHrefMissing</ID>
        <Source>The resource node is missing the required attribute, 'href'</Source>
        <Translation>The resource node is missing the required attribute, 'href'</Translation>
        <Crucial>False</Crucial>
      </Resources>
      <Resources>
        <ID>ManifestMetaDataMissing</ID>
        <Source>The &lt;metadata&gt; node is missing or in the wrong namespace on the &lt;manifest&gt;.  See SCORM 1.3 CAM 3.4.1.2.</Source>
        <Translation>The &lt;metadata&gt; node is missing or in the wrong namespace on the &lt;manifest&gt;.  See SCORM 1.3 CAM 3.4.1.2.</Translation>
        <Crucial>False</Crucial>
      </Resources>
      <Resources>
        <ID>RequiredAttributeMissing</ID>
        <Source>The required attribute, {0}, is missing on element &lt;{1}&gt;. Extra information:{2}</Source>
        <Translation>The required attribute, {0}, is missing on element &lt;{1}&gt;. Extra information:{2}</Translation>
        <Crucial>False</Crucial>
      </Resources>
      <Resources>
        <ID>OutOfRangeNegOneToOne</ID>
        <Source>The value is outside the valid range [-1 to 1].</Source>
        <Translation>The value is outside the valid range [-1 to 1].</Translation>
        <Crucial>False</Crucial>
      </Resources>
      <Resources>
        <ID>MlcNodeViolation</ID>
        <Source>The value that begins with "{0}" of the node, {1}, is longer than that supported by Microsoft Learning Components.</Source>
        <Translation>The value that begins with "{0}" of the node, {1}, is longer than that supported by Microsoft Learning Components.</Translation>
        <Crucial>False</Crucial>
      </Resources>
      <Resources>
        <ID>NodeName</ID>
        <Source>The name of the erroneous node is: {0}</Source>
        <Translation>The name of the erroneous node is: {0}</Translation>
        <Crucial>False</Crucial>
      </Resources>
      <Resources>
        <ID>BadValueReplacement</ID>
        <Source>The value "{0}" of element &lt;{1}&gt; is an invalid value.  It has been replaced by the default value "{2}".  Extra information: {3}</Source>
        <Translation>The value "{0}" of element &lt;{1}&gt; is an invalid value.  It has been replaced by the default value "{2}".  Extra information: {3}</Translation>
        <Crucial>False</Crucial>
      </Resources>
      <Resources>
        <ID>LrChildInLrmNamespaceNotFound</ID>
        <Source>The node &lt;{0}&gt; can not be found in the correct namespace. Extra information:{1}</Source>
        <Translation>The node &lt;{0}&gt; can not be found in the correct namespace. Extra information:{1}</Translation>
        <Crucial>False</Crucial>
      </Resources>
      <Resources>
        <ID>BadUri</ID>
        <Source>The value is an invalid URI.</Source>
        <Translation>The value is an invalid URI.</Translation>
        <Crucial>False</Crucial>
      </Resources>
      <Resources>
        <ID>LrDefaultAttributeUsed</ID>
        <Source>A default value of "{0}" has been used in place of the missing or erroneous value for the &lt;{1}&gt; element's "{2}" attribute.</Source>
        <Translation>A default value of "{0}" has been used in place of the missing or erroneous value for the &lt;{1}&gt; element's "{2}" attribute.</Translation>
        <Crucial>False</Crucial>
      </Resources>
      <Resources>
        <ID>BadXmlBase</ID>
        <Source>The value is an invalid xml:base. xml:base must be a valid URI that does not begin with a "/" but does end with a "/".</Source>
        <Translation>The value is an invalid xml:base. xml:base must be a valid URI that does not begin with a "/" but does end with a "/".</Translation>
        <Crucial>False</Crucial>
      </Resources>
      <Resources>
        <ID>EmptyReferencedObjective</ID>
        <Source>The referencedObjective attribute on the {0} node is whitespace only, which is invalid.  See SCORM 1.3 CAM 5.1.3.1.1.1.</Source>
        <Translation>The referencedObjective attribute on the {0} node is whitespace only, which is invalid.  See SCORM 1.3 CAM 5.1.3.1.1.1.</Translation>
        <Crucial>False</Crucial>
      </Resources>
      <Resources>
        <ID>LrNodeLengthException</ID>
        <Source>The node &lt;{0}&gt; has a value that starts with "{1}" that is too long.</Source>
        <Translation>The node &lt;{0}&gt; has a value that starts with "{1}" that is too long.</Translation>
        <Crucial>False</Crucial>
      </Resources>
      <Resources>
        <ID>ParentXml</ID>
        <Source>The full XML of the parent node is: {0}</Source>
        <Translation>The full XML of the parent node is: {0}</Translation>
        <Crucial>False</Crucial>
      </Resources>
      <Resources>
        <ID>LrAttributeValueException</ID>
        <Source>The value of the &lt;{0}&gt; element's "{1}" attribute is missing or erroneous.</Source>
        <Translation>The value of the &lt;{0}&gt; element's "{1}" attribute is missing or erroneous.</Translation>
        <Crucial>False</Crucial>
      </Resources>
      <Resources>
        <ID>DuplicateRuleAction</ID>
        <Source>The &lt;ruleAction&gt; node may occur 1 and only 1 time within a &lt;preConditionRule&gt;, &lt;postConditionRule&gt;, or &lt;exitConditionRule&gt;.  See SCORM 1.3 CAM 5.1.3.1.2.</Source>
        <Translation>The &lt;ruleAction&gt; node may occur 1 and only 1 time within a &lt;preConditionRule&gt;, &lt;postConditionRule&gt;, or &lt;exitConditionRule&gt;.  See SCORM 1.3 CAM 5.1.3.1.2.</Translation>
        <Crucial>False</Crucial>
      </Resources>
      <Resources>
        <ID>GenericDuplicate</ID>
        <Source>The parent node is {0}.</Source>
        <Translation>The parent node is {0}.</Translation>
        <Crucial>False</Crucial>
      </Resources>
      <Resources>
        <ID>DuplicateRollupConditions</ID>
        <Source>The &lt;rollupCondition&gt; node can only appear once in the &lt;rollupRule&gt; node.  See SCORM 1.3 CAM 5.1.6.1.1.</Source>
        <Translation>The &lt;rollupCondition&gt; node can only appear once in the &lt;rollupRule&gt; node.  See SCORM 1.3 CAM 5.1.6.1.1.</Translation>
        <Crucial>False</Crucial>
      </Resources>
      <Resources>
        <ID>LrNodeLengthViolation</ID>
        <Source>The node &lt;{0}&gt; has a value that is too long.  It has been truncated to "{1}".</Source>
        <Translation>The node &lt;{0}&gt; has a value that is too long.  It has been truncated to "{1}".</Translation>
        <Crucial>False</Crucial>
      </Resources>
      <Resources>
        <ID>ItemMustRepresentSco</ID>
        <Source>The parent node, {0}, must represent a SCO.</Source>
        <Translation>The parent node, {0}, must represent a SCO.</Translation>
        <Crucial>False</Crucial>
      </Resources>
      <Resources>
        <ID>ValueOutOfRangeToken</ID>
        <Source>The value is not one of the permitted token values.</Source>
        <Translation>The value is not one of the permitted token values.</Translation>
        <Crucial>False</Crucial>
      </Resources>
      <Resources>
        <ID>NodeXml</ID>
        <Source>The full XML of the erroneous node is: {0}</Source>
        <Translation>The full XML of the erroneous node is: {0}</Translation>
        <Crucial>False</Crucial>
      </Resources>
      <Resources>
        <ID>MetadataLocationNotFound</ID>
        <Source>The file, {0}, referenced by the location element inside of metadata in the manifest can not be found in the package.</Source>
        <Translation>The file, {0}, referenced by the location element inside of metadata in the manifest can not be found in the package.</Translation>
        <Crucial>False</Crucial>
      </Resources>
      <Resources>
        <ID>LrMultiLRNotSupported</ID>
        <Source>The package is a multiple learning resource package, which is not supported.</Source>
        <Translation>The package is a multiple learning resource package, which is not supported.</Translation>
        <Crucial>False</Crucial>
      </Resources>
      <Resources>
        <ID>LrChildInLrmNamespaceNotFoundTryOther</ID>
        <Source>The node &lt;{0}&gt; can not be found in the correct namespace  An attempt will be made to find a child node with that name in other namespaces. Extra information:{1}</Source>
        <Translation>The node &lt;{0}&gt; can not be found in the correct namespace  An attempt will be made to find a child node with that name in other namespaces. Extra information:{1}</Translation>
        <Crucial>False</Crucial>
      </Resources>
      <Resources>
        <ID>DuplicateRollupAction</ID>
        <Source>The &lt;rollupAction&gt; node can only appear once in the &lt;rollupRule&gt;node.  See SCORM 1.3 CAM 5.1.6.1.3.</Source>
        <Translation>The &lt;rollupAction&gt; node can only appear once in the &lt;rollupRule&gt;node.  See SCORM 1.3 CAM 5.1.6.1.3.</Translation>
        <Crucial>False</Crucial>
      </Resources>
      <Resources>
        <ID>ValueIncorrectType</ID>
        <Source>The value is not the expected type.</Source>
        <Translation>The value is not the expected type.</Translation>
        <Crucial>False</Crucial>
      </Resources>
      <Resources>
        <ID>LrNodeValueException</ID>
        <Source>The value of the &lt;{0}&gt; element is missing or erroneous.</Source>
        <Translation>The value of the &lt;{0}&gt; element is missing or erroneous.</Translation>
        <Crucial>False</Crucial>
      </Resources>
      <Resources>
        <ID>LrPageNodeSkipped</ID>
        <Source>The value of the PageID attribute of the {0} element is invalid. The element has been omitted from the conversion.</Source>
        <Translation>The value of the PageID attribute of the {0} element is invalid. The element has been omitted from the conversion.</Translation>
        <Crucial>False</Crucial>
      </Resources>
      <Resources>
        <ID>InvalidFileType</ID>
        <Source>The file {0} is not a valid file type.</Source>
        <Translation>The file {0} is not a valid file type.</Translation>
        <Crucial>False</Crucial>
      </Resources>
      <Resources>
        <ID>InvalidNode</ID>
        <Source>An element, &lt;{0}&gt;, is invalid because it is illegal or has illegal attribute values. Extra information: {1}</Source>
        <Translation>An element, &lt;{0}&gt;, is invalid because it is illegal or has illegal attribute values. Extra information: {1}</Translation>
        <Crucial>False</Crucial>
      </Resources>
      <Resources>
        <ID>ConvertedUriReplacement</ID>
        <Source>The "{0}" portion of attribute, {1}, on element &lt;{2}&gt; contains invalid URI characters.  These have been converted into valid characters automatically.  The new value is "{3}".  Extra information: {4}.</Source>
        <Translation>The "{0}" portion of attribute, {1}, on element &lt;{2}&gt; contains invalid URI characters.  These have been converted into valid characters automatically.  The new value is "{3}".  Extra information: {4}.</Translation>
        <Crucial>False</Crucial>
      </Resources>
      <Resources>
        <ID>ItemTitleMissing</ID>
        <Source>The &lt;title&gt; node is required on the {0} node in Content Aggregation manifests.  See SCORM 1.3 CAM 3.4.1.10, or SCORM 1.2 CAM 2.3.5.3.1.2.1.</Source>
        <Translation>The &lt;title&gt; node is required on the {0} node in Content Aggregation manifests.  See SCORM 1.3 CAM 3.4.1.10, or SCORM 1.2 CAM 2.3.5.3.1.2.1.</Translation>
        <Crucial>False</Crucial>
      </Resources>
      <Resources>
        <ID>LrRemoteContentNotSupported</ID>
        <Source>Remote content is not supported.</Source>
        <Translation>Remote content is not supported.</Translation>
        <Crucial>False</Crucial>
      </Resources>
      <Resources>
        <ID>LrLicensedContentNotSupported</ID>
        <Source>This learning resource requires a license and licensed Learning Resources are not supported.</Source>
        <Translation>This learning resource requires a license and licensed Learning Resources are not supported.</Translation>
        <Crucial>False</Crucial>
      </Resources>
      <Resources>
        <ID>PrerequisitesTypeWrong</ID>
        <Source>The value of the &lt;prerequisites&gt; type attribute must be "aicc_script".</Source>
        <Translation>The value of the &lt;prerequisites&gt; type attribute must be "aicc_script".</Translation>
        <Crucial>False</Crucial>
      </Resources>
      <Resources>
        <ID>LrDefaultValueUsed</ID>
        <Source>A default value of "{0}" has been used in place of the missing or erroneous value for the &lt;{1}&gt; element.</Source>
        <Translation>A default value of "{0}" has been used in place of the missing or erroneous value for the &lt;{1}&gt; element.</Translation>
        <Crucial>False</Crucial>
      </Resources>
      <Resources>
        <ID>LrAttributeLengthException</ID>
        <Source>The node &lt;{0}&gt; has a value that starts with "{1}" that is too long for the "{2}" attribute.</Source>
        <Translation>The node &lt;{0}&gt; has a value that starts with "{1}" that is too long for the "{2}" attribute.</Translation>
        <Crucial>False</Crucial>
      </Resources>
      <Resources>
        <ID>ItemIdentifierMissing</ID>
        <Source>The &lt;item&gt; node must have an identifier attribute.  See SCORM 1.3 CAM 3.4.1.9, or SCORM 1.2 CAM 2.3.5.3.1.2.</Source>
        <Translation>The &lt;item&gt; node must have an identifier attribute.  See SCORM 1.3 CAM 3.4.1.9, or SCORM 1.2 CAM 2.3.5.3.1.2.</Translation>
        <Crucial>False</Crucial>
      </Resources>
      <Resources>
        <ID>MlcViolationActivityMissing</ID>
        <Source>An Activity node is required for content used in Microsoft Learning Components.</Source>
        <Translation>An Activity node is required for content used in Microsoft Learning Components.</Translation>
        <Crucial>False</Crucial>
      </Resources>
      <Resources>
        <ID>SpmNodeViolation</ID>
        <Source>The value that begins with "{0}" of the node, &lt;{1}&gt;, is longer than the smallest permitted maximum (SPM), {2}.</Source>
        <Translation>The value that begins with "{0}" of the node, &lt;{1}&gt;, is longer than the smallest permitted maximum (SPM), {2}.</Translation>
        <Crucial>False</Crucial>
      </Resources>
      <Resources>
        <ID>BadAttributeValue</ID>
        <Source>The value "{0}" of attribute, {1}, on element &lt;{2}&gt;, is an invalid value.  Extra information: {3}</Source>
        <Translation>The value "{0}" of attribute, {1}, on element &lt;{2}&gt;, is an invalid value.  Extra information: {3}</Translation>
        <Crucial>False</Crucial>
      </Resources>
      <Resources>
        <ID>BadAttributeValueReplacement</ID>
        <Source>The value "{0}" of attribute, {1}, on element &lt;{2}&gt;, is an invalid value.  It has been replaced by the default value "{3}".  Extra information: {4}</Source>
        <Translation>The value "{0}" of attribute, {1}, on element &lt;{2}&gt;, is an invalid value.  It has been replaced by the default value "{3}".  Extra information: {4}</Translation>
        <Crucial>False</Crucial>
      </Resources>
      <Resources>
        <ID>MlcViolation</ID>
        <Source>The value that begins with "{0}" of the attribute, {1}, is longer than that supported by Microsoft Learning Components.  Extra information: {2}</Source>
        <Translation>The value that begins with "{0}" of the attribute, {1}, is longer than that supported by Microsoft Learning Components.  Extra information: {2}</Translation>
        <Crucial>False</Crucial>
      </Resources>
      <Resources>
        <ID>ManifestNodeMissing</ID>
        <Source>A &lt;manifest&gt; node in the correct namespace is required.</Source>
        <Translation>A &lt;manifest&gt; node in the correct namespace is required.</Translation>
        <Crucial>False</Crucial>
      </Resources>
      <Resources>
        <ID>ManifestMissing</ID>
        <Source>A manifest is required and is not present in the package.</Source>
        <Translation>A manifest is required and is not present in the package.</Translation>
        <Crucial>False</Crucial>
      </Resources>
      <Resources>
        <ID>LrPageIdDuplicate</ID>
        <Source>The value of the PageID attribute, {0}, on a &lt;Page&gt; element is used more than once.  PageID's must be unique for each &lt;Page&gt; element.</Source>
        <Translation>The value of the PageID attribute, {0}, on a &lt;Page&gt; element is used more than once.  PageID's must be unique for each &lt;Page&gt; element.</Translation>
        <Crucial>False</Crucial>
      </Resources>
      <Resources>
        <ID>ResourceIdentifierMissing</ID>
        <Source>The &lt;resource&gt; node must have an identifier attribute.  See SCORM 1.3 CAM 3.4.1.21, or SCORM 1.2 CAM 2.3.5.4.1.</Source>
        <Translation>The &lt;resource&gt; node must have an identifier attribute.  See SCORM 1.3 CAM 3.4.1.21, or SCORM 1.2 CAM 2.3.5.4.1.</Translation>
        <Crucial>False</Crucial>
      </Resources>
      <Resources>
        <ID>LrAttributeLengthViolation</ID>
        <Source>The node &lt;{0}&gt; has a value that is too long for the "{1}" attribute.  It has been truncated to "{2}".</Source>
        <Translation>The node &lt;{0}&gt; has a value that is too long for the "{1}" attribute.  It has been truncated to "{2}".</Translation>
        <Crucial>False</Crucial>
      </Resources>
      <Resources>
        <ID>EmptyString</ID>
        <Source>(empty string)</Source>
        <Translation>(empty string)</Translation>
        <Crucial>False</Crucial>
      </Resources>
      <Resources>
        <ID>InvalidTrueValuesInMapInfo</ID>
        <Source>In multiple &lt;mapInfo&gt; nodes, true values are restricted.  See SCORM 1.3 CAM 5.1.7.1.2.</Source>
        <Translation>In multiple &lt;mapInfo&gt; nodes, true values are restricted.  See SCORM 1.3 CAM 5.1.7.1.2.</Translation>
        <Crucial>False</Crucial>
      </Resources>
      <Resources>
        <ID>ReferenceNotFound</ID>
        <Source>The referenced node can not be found.</Source>
        <Translation>The referenced node can not be found.</Translation>
        <Crucial>False</Crucial>
      </Resources>
      <Resources>
        <ID>IllegalNegativeInteger</ID>
        <Source>The value must be 0 or a positive integer.</Source>
        <Translation>The value must be 0 or a positive integer.</Translation>
        <Crucial>False</Crucial>
      </Resources>
      <Resources>
        <ID>ActivityResourceBadAttribute</ID>
        <Source>A resource that belongs to an activity must have a type attribute set to "webcontent", an adlcp:scormType attribute set to "sco" or "asset", and a valid href attribute.  {0}</Source>
        <Translation>A resource that belongs to an activity must have a type attribute set to "webcontent", an adlcp:scormType attribute set to "sco" or "asset", and a valid href attribute.  {0}</Translation>
        <Crucial>False</Crucial>
      </Resources>
      <Resources>
        <ID>ResourceNotAllowedOnActivity</ID>
        <Source>If an &lt;item&gt; element is a parent element, the &lt;item&gt; may not reference a &lt;resource&gt;.  See SCORM 1.3 CAM 3.4.1.9.  The full XML of the node is: {0}</Source>
        <Translation>If an &lt;item&gt; element is a parent element, the &lt;item&gt; may not reference a &lt;resource&gt;.  See SCORM 1.3 CAM 3.4.1.9.  The full XML of the node is: {0}</Translation>
        <Crucial>False</Crucial>
      </Resources>
      <Resources>
        <ID>RollupConditionConditionMissing</ID>
        <Source>The &lt;rollupCondition&gt; node must have a condition attribute.  See SCORM 1.3 CAM 5.1.6.1.2.</Source>
        <Translation>The &lt;rollupCondition&gt; node must have a condition attribute.  See SCORM 1.3 CAM 5.1.6.1.2.</Translation>
        <Crucial>False</Crucial>
      </Resources>
      <Resources>
        <ID>DuplicateRuleConditions</ID>
        <Source>The &lt;ruleConditions&gt; node can only appear once in the &lt;{0}&gt; node.  See SCORM 1.3 CAM 5.1.3.1.1.</Source>
        <Translation>The &lt;ruleConditions&gt; node can only appear once in the &lt;{0}&gt; node.  See SCORM 1.3 CAM 5.1.3.1.1.</Translation>
        <Crucial>False</Crucial>
      </Resources>
      <Resources>
        <ID>PrimaryObjectiveMissingOrDuplicate</ID>
        <Source>In a list of &lt;objectives&gt;, there must be one and only one &lt;primaryObjective&gt; node.</Source>
        <Translation>In a list of &lt;objectives&gt;, there must be one and only one &lt;primaryObjective&gt; node.</Translation>
        <Crucial>False</Crucial>
      </Resources>
      <Resources>
        <ID>InvalidDuplicateNodesIgnored</ID>
        <Source>There are multiple instances of element, &lt;{0}&gt;. All but the first are ignored. Extra information:{1}</Source>
        <Translation>There are multiple instances of element, &lt;{0}&gt;. All but the first are ignored. Extra information:{1}</Translation>
        <Crucial>False</Crucial>
      </Resources>
      <Resources>
        <ID>InvalidIdentifier</ID>
        <Source>The identifier is not a valid xs:ID.</Source>
        <Translation>The identifier is not a valid xs:ID.</Translation>
        <Crucial>False</Crucial>
      </Resources>
      <Resources>
        <ID>DuplicateMinNormalizedMeasure</ID>
        <Source>The &lt;minNormalizedMeasure&gt; node can only appear once in the &lt;{0} objectiveID="{1}"&gt; node.  See SCORM 1.3 CAM 5.1.7.1.1.</Source>
        <Translation>The &lt;minNormalizedMeasure&gt; node can only appear once in the &lt;{0} objectiveID="{1}"&gt; node.  See SCORM 1.3 CAM 5.1.7.1.1.</Translation>
        <Crucial>False</Crucial>
      </Resources>
      <Resources>
        <ID>MlcViolationOrganizationMissing</ID>
        <Source>An Organization node is required for content used in Microsoft Learning Components.</Source>
        <Translation>An Organization node is required for content used in Microsoft Learning Components.</Translation>
        <Crucial>False</Crucial>
      </Resources>
      <Resources>
        <ID>IdenticalKeyValues</ID>
        <Source>The duplicate nodes share the same {0} value, "{1}".  The values must be different.</Source>
        <Translation>The duplicate nodes share the same {0} value, "{1}".  The values must be different.</Translation>
        <Crucial>False</Crucial>
      </Resources>
      <Resources>
        <ID>PackageCouldNotBeOpened</ID>
        <Source>This package could not be opened. More information: {0}</Source>
        <Translation>This package could not be opened. More information: {0}</Translation>
        <Crucial>False</Crucial>
      </Resources>
      <Resources>
        <ID>BadXmlInManifest</ID>
        <Source>The package contains a manifest that contains badly formed XML.</Source>
        <Translation>The package contains a manifest that contains badly formed XML.</Translation>
        <Crucial>False</Crucial>
      </Resources>
      <Resources>
        <ID>ObjectiveIdMissing</ID>
        <Source>The objective must have an objectiveID attribute.  Extra information: {0}</Source>
        <Translation>The objective must have an objectiveID attribute.  Extra information: {0}</Translation>
        <Crucial>False</Crucial>
      </Resources>
      <Resources>
        <ID>MlcViolationTruncated</ID>
        <Source>The value that begins with "{0}" of the attribute, {1}, is longer than that supported by for content used in Microsoft Learning Components.  It has been truncated to {2} characters.  Extra information: {3}</Source>
        <Translation>The value that begins with "{0}" of the attribute, {1}, is longer than that supported by for content used in Microsoft Learning Components.  It has been truncated to {2} characters.  Extra information: {3}</Translation>
        <Crucial>False</Crucial>
      </Resources>
      <Resources>
        <ID>PrerequisitesScriptInvalid</ID>
        <Source>There are problems with the syntax of the prerequisite script, or a referenced identifier can not be found in the manifest.</Source>
        <Translation>There are problems with the syntax of the prerequisite script, or a referenced identifier can not be found in the manifest.</Translation>
        <Crucial>False</Crucial>
      </Resources>
      <Resources>
        <ID>OrganizationIdentifierMissing</ID>
        <Source>The &lt;organization&gt; node must have an identifier attribute.  See SCORM 1.3 CAM 3.4.1.7, or SCORM 1.2 CAM 2.3.5.3.1.</Source>
        <Translation>The &lt;organization&gt; node must have an identifier attribute.  See SCORM 1.3 CAM 3.4.1.7, or SCORM 1.2 CAM 2.3.5.3.1.</Translation>
        <Crucial>False</Crucial>
      </Resources>
      <Resources>
        <ID>MetadataLocationBadXml</ID>
        <Source>The file, {0}, referenced by the location element inside of metadata in the manifest contains invalid metadata.</Source>
        <Translation>The file, {0}, referenced by the location element inside of metadata in the manifest contains invalid metadata.</Translation>
        <Crucial>False</Crucial>
      </Resources>
      <Resources>
        <ID>MinNormalizedMeasureOutOfRange</ID>
        <Source>The value is out of range [-1 to 1] on the &lt;minNormalizedMeasure&gt; node in the &lt;{0} objectiveID="{1}"&gt; node.  See SCORM 1.3 CAM 5.1.7.1.1.</Source>
        <Translation>The value is out of range [-1 to 1] on the &lt;minNormalizedMeasure&gt; node in the &lt;{0} objectiveID="{1}"&gt; node.  See SCORM 1.3 CAM 5.1.7.1.1.</Translation>
        <Crucial>False</Crucial>
      </Resources>
      <Resources>
        <ID>RollupActionMissing</ID>
        <Source>The &lt;rollupAction&gt; node is missing on an &lt;rollupRule&gt;.  See SCORM 1.3 CAM 5.1.6.1.3.</Source>
        <Translation>The &lt;rollupAction&gt; node is missing on an &lt;rollupRule&gt;.  See SCORM 1.3 CAM 5.1.6.1.3.</Translation>
        <Crucial>False</Crucial>
      </Resources>
      <Resources>
        <ID>SequencingIdMissing</ID>
        <Source>The &lt;sequencing&gt; node in a &lt;sequencingCollection&gt; must have an ID attribute.  See SCORM 1.3 CAM 5.1.1.</Source>
        <Translation>The &lt;sequencing&gt; node in a &lt;sequencingCollection&gt; must have an ID attribute.  See SCORM 1.3 CAM 5.1.1.</Translation>
        <Crucial>False</Crucial>
      </Resources>
      <Resources>
        <ID>LrFixLmsViolationsNotSet</ID>
        <Source>Unable to substitute a default value for the missing value of node &lt;{0}&gt; because the conversion process is not allowed to substitute default values for missing or erroneous values in the index.xml.</Source>
        <Translation>Unable to substitute a default value for the missing value of node &lt;{0}&gt; because the conversion process is not allowed to substitute default values for missing or erroneous values in the index.xml.</Translation>
        <Crucial>False</Crucial>
      </Resources>
      <Resources>
        <ID>SpmViolation</ID>
        <Source>The value that begins with "{0}" of the attribute, {1}, is longer than the smallest permitted maximum (SPM), {2}.  Extra information: {3}</Source>
        <Translation>The value that begins with "{0}" of the attribute, {1}, is longer than the smallest permitted maximum (SPM), {2}.  Extra information: {3}</Translation>
        <Crucial>False</Crucial>
      </Resources>
      <Resources>
        <ID>RequiredElementMissingDefault</ID>
        <Source>The required element, &lt;{0}&gt;, is missing.  Default values will be used. Extra information:{1}</Source>
        <Translation>The required element, &lt;{0}&gt;, is missing.  Default values will be used. Extra information:{1}</Translation>
        <Crucial>False</Crucial>
      </Resources>
      <Resources>
        <ID>FileMissing</ID>
        <Source>The file {0} does not exist.</Source>
        <Translation>The file {0} does not exist.</Translation>
        <Crucial>False</Crucial>
      </Resources>
      <Resources>
        <ID>IllegalAttributeInResourcePackage</ID>
        <Source>The attribute, {1}, containing the value "{0}" on node &lt;{2}&gt; is illegal in Resource packages.</Source>
        <Translation>The attribute, {1}, containing the value "{0}" on node &lt;{2}&gt; is illegal in Resource packages.</Translation>
        <Crucial>False</Crucial>
      </Resources>
      <Resources>
        <ID>IllegalPercentage</ID>
        <Source>The value must be a decimal value from 0 to 1, inclusive.</Source>
        <Translation>The value must be a decimal value from 0 to 1, inclusive.</Translation>
        <Crucial>False</Crucial>
      </Resources>
      <Resources>
        <ID>RollupConditionsMissing</ID>
        <Source>The &lt;rollupConditions&gt; node is missing on an &lt;rollupRule&gt;.  See SCORM 1.3 CAM 5.1.6.1.1.</Source>
        <Translation>The &lt;rollupConditions&gt; node is missing on an &lt;rollupRule&gt;.  See SCORM 1.3 CAM 5.1.6.1.1.</Translation>
        <Crucial>False</Crucial>
      </Resources>
      <Resources>
        <ID>SequencingCollectionInResource</ID>
        <Source>&lt;sequencingCollection&gt; nodes are not permitted in resource packages. This manifest is considered a resource package because it has no &lt;organization&gt; nodes.  See SCORM CAM 3.5.3.</Source>
        <Translation>&lt;sequencingCollection&gt; nodes are not permitted in resource packages. This manifest is considered a resource package because it has no &lt;organization&gt; nodes.  See SCORM CAM 3.5.3.</Translation>
        <Crucial>False</Crucial>
      </Resources>
      <Resources>
        <ID>FileHrefMissing</ID>
        <Source>The &lt;file&gt; node must have an href attribute.  See SCORM 1.3 CAM 3.4.1.23, or SCORM 1.2 CAM 2.3.5.4.3.</Source>
        <Translation>The &lt;file&gt; node must have an href attribute.  See SCORM 1.3 CAM 3.4.1.23, or SCORM 1.2 CAM 2.3.5.4.3.</Translation>
        <Crucial>False</Crucial>
      </Resources>
      <Resources>
        <ID>OrganiztionTitleMissing</ID>
        <Source>The &lt;title&gt; node is missing on the &lt;organization&gt; node with identifier="{0}".  See SCORM 1.3 CAM 3.4.1.8, or SCORM 1.2 CAM 2.3.5.3.1.1.</Source>
        <Translation>The &lt;title&gt; node is missing on the &lt;organization&gt; node with identifier="{0}".  See SCORM 1.3 CAM 3.4.1.8, or SCORM 1.2 CAM 2.3.5.3.1.1.</Translation>
        <Crucial>False</Crucial>
      </Resources>
      <Resources>
        <ID>InvalidDuplicateNodes</ID>
        <Source>UA !There are multiple instances of element, &lt;{0}&gt;. Extra information:{1}</Source>
        <Translation>UA !There are multiple instances of element, &lt;{0}&gt;. Extra information:{1}</Translation>
        <Crucial>False</Crucial>
      </Resources>
      <Resources>
        <ID>ConvertedUriSpaces</ID>
        <Source>The "{0}" value of attribute, {1}, on element &lt;{2}&gt; contains spaces, which are invalid URI characters.  This URI is still being allowed, but the package may not work as expected.</Source>
        <Translation>The "{0}" value of attribute, {1}, on element &lt;{2}&gt; contains spaces, which are invalid URI characters.  This URI is still being allowed, but the package may not work as expected.</Translation>
        <Crucial>False</Crucial>
      </Resources>
      <Resources>
        <ID>OrphanedFile</ID>
        <Source>The file {0} is not referenced in the manifest.</Source>
        <Translation>The file {0} is not referenced in the manifest.</Translation>
        <Crucial>False</Crucial>
      </Resources>
      <Resources>
        <ID>RequiredElementMissing</ID>
        <Source>The required element, &lt;{0}&gt;, is missing. Extra information:{1}</Source>
        <Translation>The required element, &lt;{0}&gt;, is missing. Extra information:{1}</Translation>
        <Crucial>False</Crucial>
      </Resources>
    </NewDataSet>
  </resources>
</root>